n_samples,n_features,log_n_samples,log_n_features,feature_ratio,target_mean,target_std,target_skew,target_kurtosis,mean_feature_skew,mean_feature_kurtosis,mean_abs_corr,max_abs_corr,mean_predictor_r2,decision_stump_r2,simple_rule_r2,LGBMRegressor_1pct_r2,XGBRegressor_1pct_r2,RandomForestRegressor_1pct_r2,DecisionTreeRegressor_1pct_r2,HistGradientBoostingRegressor_1pct_r2,GradientBoostingRegressor_1pct_r2,MLPRegressor_1pct_r2,BayesianRidge_1pct_r2,LinearRegression_1pct_r2,SVR_1pct_r2,TabPFNRegressor_1pct_r2,tree_advantage,tabpfn_suitable,svm_suitable,linear_favorable,BayesianRidge_rank,TabPFNRegressor_rank,LinearRegression_rank,RandomForestRegressor_rank,MLPRegressor_rank,SVR_rank,XGBRegressor_rank,LGBMRegressor_rank,HistGradientBoostingRegressor_rank,GradientBoostingRegressor_rank,DecisionTreeRegressor_rank
303,13,5.717027701406222,2.6390573296152584,0.0429042904290429,0.9372937293729373,1.2265067259116655,1.0532483070030871,-0.15621171477513585,1.5012134262297256,2.0439774532029134,0.15588571022325548,0.577536816729141,-0.00048116152600097273,0.217393691676119,0.5197885991961346,-0.039873786407766953,-0.00402224063873291,0.37663895631067956,-0.0307443365695792,-0.039873786407766953,0.01942941804154641,0.21695934705094688,0.38847307400886344,-0.8380076307906568,0.3318376560488887,0.30890727043151855,-0.30239490752001563,1,1,0,1,2,3,4,5,6,7,8,9,10,11
159,15,5.075173815233827,2.772588722239781,0.09433962264150944,11445.729559748428,5859.343216339359,1.5765463970758375,2.4811958332944064,2.3065961281111296,3.919184251020617,0.3847409464325406,0.9719988006718845,-0.0005144105657548526,0.7833005057412029,0.7106502814609705,-0.14557994837914046,-0.9309296115707453,0.7098157211343197,-0.6913009196868882,-0.14557994837914046,-0.03766271224633755,-4.859498766445447,-8.855206351333923,-8.855206351337978,0.00022809011862479078,0.7692437739806263,0.07265022428023238,1,1,1,8,1,9,2,11,10,4,5,6,3,7
